address,name,first_name,sanctions_programs,
12QtD5BFwRsdNsAZY76UVE1xyCGNTojH9h,YAN,Xiaobing,SDNTK,
1Kuf2Rd8mDyAViwBozGTNYnvWL8uYFrkVo,YAN,Xiaobing,SDNTK,
13f59kUM5FU8MfTG7DCEugYarDhSD7XCoC,YAN,Xiaobing,SDNTK,
1P3ZfGFLezzYGg9k5SVzQmnjyh7nrUmF2y,YAN,Xiaobing,SDNTK,
1EpMiZkQVekM5ij12nMiEwttFPcDK9XhX6,YAN,Xiaobing,SDNTK,
1JREJdZupiFhE7ZzQPtASuMCvvpXC7wRsC,YAN,Xiaobing,SDNTK,
149w62rY42aZBox8fGcmqNsXUzSStKeq8C,KHORASHADIZADEH,Ali,CYBER2,
1AjZPMsnmpdK2Rv9KQNfMurTXinscVro9V,GHORBANIYAN,Mohammad,CYBER2,
18uKfaUjgG52rVeXEi3wxnveww7zZuECtE,ZHENG,Guanghua,SDNTK,
1AXUTu9y3H8w4wYx4BjyFWgRhZKDhmcMrn,TIAN,Yinyin,DPRK3 CYBER2,
1DbShx4r8i2XesthoDBf5EkYWz5dsKEusV,ANDREYEV,Anton Nikolaeyvich,CYBER2 ELECTION-EO13848,
1G9CKRHA3mx22DoT1QyNYrh85VSQ19Y1em,SECONDEYE SOLUTION,,CYBER2 ELECTION-EO13848,
1KSAbh5trMCTZwhiNsuUQvfTtSSTT8zqRk,RAZA,Mujtaba Ali,CYBER2 ELECTION-EO13848, 
bc1qv7k70u2zynvem59u88ctdlaw7hc735d8xep9rq,SOUTHFRONT,,NPWMD CYBER2 ELECTION-EO13848,
17a5bpKvEp1j1Trs4qTbcNZrby53JbaS9C,FAYZIMATOV,Farrukh Furkatovitch,SDGT,
1LrxsRd7zNuxPJcL5rttnoeJFy1y4AffYY,SUEX OTC,S.R.O.,CYBER2,
1Df883c96LVauVsx9FEgnsourD8DELwCUQ,SUEX OTC,S.R.O.,CYBER2,
3N9YcPBDky9UsMx1RTk33tL4jDkZfSnsPk,CHATEX,,CYBER2,
bc1q90zrdysy4flyacw7hsury3ajs9yzwtwp6guqpypx94w0d3p58hysvz6pde,CHATEX,,CYBER2,
389Sft4nJFkPGhbagk9FN4jXncA9piYTuU,POLYANIN,Yevgeniy Igorevich,CYBER2,
35QpLWYkvD3ALhjbge5bK2kd7HfHYcDMu3,VASINSKYI,Yaroslav,CYBER2,
3K4rjdh8A5yi6LWvft2rbmyZvqEbPSSSX4,HYDRA MARKET,,CYBER2,
17V7THwHMiDJmDwZK4unhE5HgKFJKx7VCe,HYDRA MARKET,,CYBER2,
bc1qx3e2axj3wsfn0ndtvlwmkghmmgm4583nqg8ngk,KHATIBI AGHADA,Ahmad,IRGC IFSR CYBER2,
bc1qpaly5nm7pfka9v92d6qvl4fc2l9xzee8a6ys3s,NIKAEEN RAVARI,Amir Hossein,IRGC IFSR CYBER2,
3PKiHs4GY4rFg8dpppNVPXGPqMX6K2cBML,WANG,Hongfei,ILLICIT-DRUGS-EO14059,
bc1q4namcagg5wljs0u20z6h2sqgsq4q5lts8rt2rr,WANG,Yunhe,CYBER2,
bc1qw8evftpgc8wsmkemd8yl5fg2husza5z802xaym,WANG,Yunhe,CYBER2,
bc1qv4krhj2qmpd9qz9xj9nhvj99fq8s9xsw05d485,WANG,Yunhe,CYBER2,
bc1qu5vngdtcx8nc9d68pq8nv7pzcjrswsy87s66gk,WANG,Yunhe,CYBER2,
bc1qtsl3ufenrv3zgrgm9z8xarcx22x8mfztuartyn,WANG,Yunhe,CYBER2,
bc1qtrrfhr0f3ufsrjxfv8a7p3yuqj0spe4cm6vaws,WANG,Yunhe,CYBER2,
bc1qnykkrlk67f9kdqvzyw2ndu3xmef5z2e52886yl,WANG,Yunhe,CYBER2,
1JHdQHkBZiim1cb4hyUh2PbzEbbg6z2TrF,SINBAD,,DPRK3 CYBER2,
3B7S6zrgxQVQUHTU8wstM23tB9afE7ojuX,SHEN,Xingbiao,ILLICIT-DRUGS-EO14059,
bc1qardcxz845jw83vgfvcmewhuxa0ag9gchjwmcfd,VALERIAN LABS,INC.,ILLICIT-DRUGS-EO14059,
3NNcbBcMZokPB2JC2dxYuZrpgcetvyGeJn,WANG,Jiantong,ILLICIT-DRUGS-EO14059,
bc1qkfqh5p2qsakseg5gnwen6zh5xf3elmku2xaup29mw3l0wnncy3es880dss,XIA,Fengbing,ILLICIT-DRUGS-EO14059,
3NU9zkD8CCVGVmYnNNSN7PbU9sSFQBm5UV,ZHANG,Wei,ILLICIT-DRUGS-EO14059,
3HePkztPU6UsdENxnyQHFrdZA6eVKeMtvz,WANG,Mingming,ILLICIT-DRUGS-EO14059,
19D1iGzDr7FyAdiy3ZZdxMd6ttHj1kj6WW,BUY CASH MONEY AND MONEY TRANSFER COMPANY,,SDGT,
3Q8H2ZWMtc4R1M3mkmhnTjCoYKTeCFigDP,GAZA NOW,,SDGT,
bc1q5jqgm7nvrhaw2rh2vk0dk8e4gg5g373g0vz07r,KONDRATIEV,Ivan Gennadievich,CYBER2,
bc1qagp0gy58v8hqvw4p2wsphcxg067rrppp45hexr,KONDRATIEV,Ivan Gennadievich,CYBER2,
bc1qx9upga7f09tsetqf78wa3qrmcjar58mkwz6ng6,KONDRATIEV,Ivan Gennadievich,CYBER2,
13fhnkmpBBWXUQucJd6efWvXdEj78DKavk,OKO DESIGN BUREAU,,RUSSIA-EO14024,
bc1qvhnfknw852ephxyc5hm4q520zmvf9maphetc9z,KHOROSHEV,Dmitry Yuryevich,CYBER2,
3NEcQKZ8RwL2eDNhmMPpZ4td9vPsQh9JwM,HUANG,Xiaojun,ILLICIT-DRUGS-EO14059,
1M5N4sJ1NHb4fviLVZA5MZLKhLZqU4CPZz,ZSERVERS,,CYBER3,
3FfRvC3kSo2SxiQe5e7SSuNdegwgq8iusL,MISHIN,Alexander Igorevich,CYBER3,
bc1qeth6n6ryxexvkx34wnx3nuynun4474h3j0gkhw,CHEN,Zhi,TCO,
bc1q2we5eqjj8je6lz9xwjattpc3pn4jejc5h0s70f,CHEN,Zhi,TCO,
bc1qnujzvts45qka3cr2eqqw8ur3q6g6s0ze2wlk5m,CHEN,Zhi,TCO,
bc1qw4fxztd5u3sl7vrcqwk2a8v5zh5dllvckx3tlt,CHEN,Zhi,TCO,
